Op,CDCOperationTimestamp,id,first_name,last_name,email,gender,date_of_birth,department
I,2021-07-16 02:00:00.000000,1,Gerald,Frean,gfrean0@about.me,Male,1992-08-09,Legal
I,2021-07-16 02:00:00.000000,2,Orsola,Burnage,oburnage1@oracle.com,Male,1991-11-18,Services
I,2021-07-16 02:00:00.000000,3,Zacharie,Sporner,zsporner2@facebook.com,Female,1979-05-27,Legal
I,2021-07-16 02:00:00.000000,4,Timotheus,Lind,tlind3@csmonitor.com,Male,1975-12-08,Legal
I,2021-07-16 02:00:00.000000,5,Emalee,Brownell,ebrownell4@dyndns.org,Female,1982-08-21,Business Development
I,2021-07-16 02:00:00.000000,6,Delores,Schwandermann,dschwandermann5@census.gov,Female,1965-08-08,Engineering
I,2021-07-16 02:00:00.000000,7,Aldric,Kinnar,akinnar6@ow.ly,Female,1988-02-19,Research and Development
I,2021-07-16 02:00:00.000000,8,Antonina,Knolles-Green,aknollesgreen7@yelp.com,Male,1988-10-16,Training
I,2021-07-16 02:00:00.000000,9,Juliette,McClaren,jmcclaren8@nps.gov,Male,1988-09-07,Training
I,2021-07-16 02:00:00.000000,10,Mathilde,Matuska,mmatuska9@oaic.gov.au,Female,1973-05-15,Marketing
I,2021-07-16 02:00:00.000000,11,Claudelle,Broadbridge,cbroadbridgea@arizona.edu,Female,1960-07-17,Engineering
I,2021-07-16 02:00:00.000000,12,Cicely,Migheli,cmighelib@naver.com,Male,1975-05-20,Services
I,2021-07-16 02:00:00.000000,13,Alexis,Melloy,amelloyc@1688.com,Male,1998-11-29,Engineering
I,2021-07-16 02:00:00.000000,14,Filide,Robus,frobusd@dion.ne.jp,Male,1972-09-29,Support
I,2021-07-16 02:00:00.000000,15,Reggie,Phebey,rphebeye@amazon.co.uk,Male,1964-07-29,Engineering
I,2021-07-16 02:00:00.000000,16,Annora,Roseveare,arosevearef@fda.gov,Female,1988-09-02,Accounting
I,2021-07-16 02:00:00.000000,17,Aylmer,Vickery,avickeryg@ucsd.edu,Male,1986-12-05,Support
I,2021-07-16 02:00:00.000000,18,Jard,Eslie,jeslieh@unc.edu,Male,1993-10-20,Support
I,2021-07-16 02:00:00.000000,19,Alexandra,Nance,anancei@creativecommons.org,Male,1982-12-30,Business Development
I,2021-07-16 02:00:00.000000,20,Francisca,Feary,ffearyj@wikipedia.org,Female,1967-02-24,Research and Development
I,2021-07-16 02:00:00.000000,21,Lethia,Conachie,lconachiek@cbsnews.com,Female,1960-03-30,Product Management
I,2021-07-16 02:00:00.000000,22,Geri,Watkinson,gwatkinsonl@senate.gov,Female,2000-11-18,Legal
I,2021-07-16 02:00:00.000000,23,Neddie,Rosenberger,nrosenbergerm@123-reg.co.uk,Female,1989-07-17,Support
I,2021-07-16 02:00:00.000000,24,Millisent,Hayter,mhaytern@sina.com.cn,Male,1985-07-04,Business Development
I,2021-07-16 02:00:00.000000,25,Abbe,Gruszka,agruszkao@tripadvisor.com,Female,1987-02-27,Legal
I,2021-07-16 02:00:00.000000,26,Cami,Linfield,clinfieldp@feedburner.com,Female,1978-04-13,Training
I,2021-07-16 02:00:00.000000,27,Griswold,Durram,gdurramq@opera.com,Male,1984-04-24,Legal
I,2021-07-16 02:00:00.000000,28,Hal,Mathers,hmathersr@vimeo.com,Female,1996-08-19,Services
I,2021-07-16 02:00:00.000000,29,Dal,Slimon,dslimons@latimes.com,Male,1978-11-10,Services
I,2021-07-16 02:00:00.000000,30,Darb,Burnep,dburnept@mail.ru,Male,1983-06-22,Sales
I,2021-07-16 02:00:00.000000,31,Finlay,Lamzed,flamzedu@yellowpages.com,Female,1965-09-10,Accounting
I,2021-07-16 02:00:00.000000,32,Tonya,Simonsson,tsimonssonv@cmu.edu,Female,1981-04-26,Human Resources
I,2021-07-16 02:00:00.000000,33,Joelie,Jouaneton,jjouanetonw@springer.com,Male,1982-12-20,Services
I,2021-07-16 02:00:00.000000,34,Janaya,Trew,jtrewx@gmpg.org,Male,1979-04-19,Product Management
I,2021-07-16 02:00:00.000000,35,Donna,Harsent,dharsenty@mtv.com,Female,1986-12-03,Legal
I,2021-07-16 02:00:00.000000,36,Ware,Band,wbandz@addtoany.com,Male,1986-11-23,Support
I,2021-07-16 02:00:00.000000,37,Bernadine,Pashler,bpashler10@guardian.co.uk,Male,1988-01-25,Engineering
I,2021-07-16 02:00:00.000000,38,Jerald,Emmanuel,jemmanuel11@a8.net,Female,1963-04-09,Marketing
I,2021-07-16 02:00:00.000000,39,Grantley,MacIver,gmaciver12@plala.or.jp,Male,1997-10-27,Marketing
I,2021-07-16 02:00:00.000000,40,Casar,Perillo,cperillo13@cpanel.net,Female,1991-02-27,Training
I,2021-07-16 02:00:00.000000,41,Shaine,Quiddinton,squiddinton14@mtv.com,Male,1963-04-13,Training
I,2021-07-16 02:00:00.000000,42,Crichton,Hurdidge,churdidge15@slashdot.org,Male,1989-10-13,Business Development
I,2021-07-16 02:00:00.000000,43,Duffy,Cholerton,dcholerton16@vkontakte.ru,Male,1992-04-01,Legal
I,2021-07-16 02:00:00.000000,44,Clem,Witherington,cwitherington17@squarespace.com,Male,1987-03-07,Marketing
I,2021-07-16 02:00:00.000000,45,Heda,Lambie,hlambie18@xinhuanet.com,Female,2000-07-30,Engineering
I,2021-07-16 02:00:00.000000,46,Rolfe,Kraft,rkraft19@sogou.com,Male,1978-12-09,Sales
I,2021-07-16 02:00:00.000000,47,Stefano,Robshaw,srobshaw1a@google.pl,Female,1983-08-27,Accounting
I,2021-07-16 02:00:00.000000,48,Morse,Randal,mrandal1b@github.io,Male,1992-07-05,Support
I,2021-07-16 02:00:00.000000,49,Tybie,Naismith,tnaismith1c@tinyurl.com,Male,1965-03-19,Marketing
I,2021-07-16 02:00:00.000000,50,Alwin,Alwen,aalwen1d@yale.edu,Female,1965-04-07,Product Management
I,2021-07-16 02:00:00.000000,51,Rickey,Flores,rflores1e@newsvine.com,Male,1985-07-19,Product Management
I,2021-07-16 02:00:00.000000,52,Simon,Zecchini,szecchini1f@dion.ne.jp,Female,1960-05-09,Research and Development
I,2021-07-16 02:00:00.000000,53,Kaja,Pickard,kpickard1g@shareasale.com,Female,1972-05-05,Product Management
I,2021-07-16 02:00:00.000000,54,Bert,Deroche,bderoche1h@ifeng.com,Male,1961-01-21,Support
I,2021-07-16 02:00:00.000000,55,Addy,Georges,ageorges1i@stumbleupon.com,Female,1962-07-07,Research and Development
I,2021-07-16 02:00:00.000000,56,Douglas,Manford,dmanford1j@360.cn,Male,1970-01-23,Product Management
I,2021-07-16 02:00:00.000000,57,Giulia,Shreve,gshreve1k@whitehouse.gov,Male,1968-06-28,Support
I,2021-07-16 02:00:00.000000,58,Duky,Elfe,delfe1l@patch.com,Female,1978-02-23,Human Resources
I,2021-07-16 02:00:00.000000,59,Korie,Schuster,kschuster1m@drupal.org,Male,1967-08-26,Services
I,2021-07-16 02:00:00.000000,60,Riki,Swales,rswales1n@paginegialle.it,Female,1987-05-22,Support
I,2021-07-16 02:00:00.000000,61,Mattias,O'Mara,momara1o@livejournal.com,Female,1960-08-22,Services
I,2021-07-16 02:00:00.000000,62,Paulette,Di Biasi,pdibiasi1p@nature.com,Male,1973-03-16,Business Development
I,2021-07-16 02:00:00.000000,63,Hersch,Springle,hspringle1q@github.com,Female,1989-04-29,Product Management
I,2021-07-16 02:00:00.000000,64,Austine,Beagen,abeagen1r@vk.com,Female,1967-11-13,Support
I,2021-07-16 02:00:00.000000,65,Ada,Alliberton,aalliberton1s@zimbio.com,Female,1989-01-17,Legal
I,2021-07-16 02:00:00.000000,66,Morry,Peyntue,mpeyntue1t@businessweek.com,Female,1990-05-19,Product Management
I,2021-07-16 02:00:00.000000,67,Israel,Flukes,iflukes1u@freewebs.com,Male,1979-12-07,Human Resources
I,2021-07-16 02:00:00.000000,68,Jedd,Bestwall,jbestwall1v@booking.com,Female,1981-10-21,Human Resources
I,2021-07-16 02:00:00.000000,69,Odell,Zmitruk,ozmitruk1w@vk.com,Male,1981-01-10,Human Resources
I,2021-07-16 02:00:00.000000,70,Pooh,Stiffkins,pstiffkins1x@reuters.com,Male,1968-05-26,Accounting
I,2021-07-16 02:00:00.000000,71,Rachel,MacQueen,rmacqueen1y@163.com,Female,1965-04-25,Legal
I,2021-07-16 02:00:00.000000,72,Guido,Chelsom,gchelsom1z@google.co.uk,Female,1977-10-28,Engineering
I,2021-07-16 02:00:00.000000,73,Dagmar,Briscow,dbriscow20@hostgator.com,Male,1999-07-31,Marketing
I,2021-07-16 02:00:00.000000,74,Carlos,Follis,cfollis21@addtoany.com,Female,1981-03-28,Business Development
I,2021-07-16 02:00:00.000000,75,June,Lindstrom,jlindstrom22@hugedomains.com,Male,1960-12-23,Legal
I,2021-07-16 02:00:00.000000,76,Ignace,Bridewell,ibridewell23@dmoz.org,Female,1965-09-15,Services
I,2021-07-16 02:00:00.000000,77,Dorian,Kildahl,dkildahl24@ezinearticles.com,Male,1999-08-28,Training
I,2021-07-16 02:00:00.000000,78,Harlen,Sposito,hsposito25@squidoo.com,Female,1990-04-14,Business Development
I,2021-07-16 02:00:00.000000,79,Gale,Meaking,gmeaking26@soup.io,Male,1966-03-26,Legal
I,2021-07-16 02:00:00.000000,80,Rees,Tyrwhitt,rtyrwhitt27@drupal.org,Male,2000-04-04,Support
